fid,id,survey_id,weather,start_time,habitat,dom_veg,patch_id,elevation,sector,richness_richness
1,1,pilot_1,"cool breeze, sun","1045","5","Oak, mux fir",3,,Claggan,
2,2,pilot_2,"overcast, showers, gusts","1820","2","melinia, cross-leave heath",2,,Rahoy,
3,1,Woodland_16,"Overcast, mild","0525","5","Matute oak, grass, bluebells",,,Claggan,"3"
4,2,Woodland_14,"Breezy, sunny","0630","5",Oak,,,Claggan,"1"
5,,Woodland_15,"Ohercaar, showers","0730","5",Oakk wwod,,,Claggan,"1"
6,,Regen_54,"Cloudy, showers","0620","3",Birch  sitka,,,Clounlaid,
7,,Open_18,"Overcast, showery","0735","1","Milinia, some heath",,,Clounlaid,"2"
8,,Open_18_1,Gusty clear sky,"0853","1",Deer grass molinia,,,Clounlaid,"2"
9,,Regen_56,"Sun, gusts","1720","3","Birch, alder, molinia, ling",,,Clounlaid,"1"
10,,Open_82,"Sun, showers, windy, chilly","1850","1",Nolinia,,,Clounlaid,"2"
11,,Woodland_2,"Cloudy, sun","0645","5","Oak , irch, alfer",,,Rahoy,"2"
12,,Woodland_11,"Patchy clouds, chilly, gusty","0810","5",Ash birch oak,,,Rahoy,"2"
13,,Regen_27,"Sun, windy","1140","2","Molinia ling, stine moss",,,Claggan,"0"
14,,Regen_36,"Sun, gusts","0655","2","Ling  molinia, bog myrtle, vcotton grass",,,Rahoy,"1"
15,,Regen_11,"Sun, gusts","0756","2","Molinia, ling, ash regen",,,Rahoy,"1"
16,,Regen_22,"Sun, wind, chillu","850","2","Moliia, ling, bog myryle",,,Rahoy,"4"
17,,Woodland_80,"Sun, light breeze","1150","5","Oak, blue bell, blaeberry, birch regen",,,Claggan,"4"
18,,Woodland_22,"Dry, sun, windy","1300","5","Oak, vlue bell, feayher moss, molinia",,,Claggan,"2"
19,,Woodland_82,"Cloudy, breezy","1409","5","Oak, birch, bluebell",,,Claggan,"2"
20,,Regen_24,"Sun, cloudy, windy, spitting rain","1615","4","Burch, molinia",,,Claggan,"2"
21,,Open_67,"Clear sky, windy, chilly","1428","1","Molinia, ling, deer grass",,,Rahoy,"2"
22,,Open_7,"Overcast, breezy, mild","1553","2","Ling, molinia, wooly fringe moss, LOCHAN",,,Rahoy,"8"
23,,Open_62,"Sun, breeze, mild","1814","1","Ling, moliona, deer grass",,,Rahoy,"2"
24,,Woodland_54,"Sun, light breeze","1955","5","Oak, scots pine, blue bell, feather koss",,,Rahoy,"6"
25,,Woodland_49,"Misty, cold, dewy","0621","5","Oak, bracken, bkuebell",,,Rahoy,"1"
26,,Woodland_12,"Overcast, chilly","0753","5","Oak, bracken, feather moss",,,Rahoy,"2"
27,,Woodland_58,"Overcast, mild","0851","5","Oak, feathermoss",,,Rahoy,"3"
28,,Open_80,"Windy, overcast, mild","1849","2","Ling, molinia, deer grass, some rowan regen",,,Rahoy,"2"
29,,Open_70,"Still, overcast","2000","2","Ling, molinia, bracken, blaeberry, dog violet",,,Rahoy,"0"
30,,Open_49,"Windy, sun, clouds","1513","1","Deer grass, mosss, molinia, bell heather",,356,Clounlaid,"1"
31,,Open_20,"Gusty, overcast, dry","1653","1","Molinia, ling",,350,Clounlaid,"1"
32,,Regen_4,"Windy, patchy clouds, dry","1818","3","Birch, bluebell, bracken, molinia",,206,Clounlaid,"1"
33,,Open_60,"Sun, wind, mild","2038","1","Molinia, ling, deer grass",,309,Clounlaid,"3"
34,,Regen_21,"Overcast, drizzle, mild","0609","3","Meliniea, bog myrtle, birch  rowan, heather",,106,Clounlaid,"4"
35,,Regen_68,"Overcast, mild, still","0726","3","Birch, molinia, bog mytrle, ling, rowan",,76,Clounlaid,"3"
36,,Regen_0,"Overcast, mild, breeze","0551","3","Ling, big myrtle, birch regen",,45,Rahoy,"1"
37,,Regen_5,"Overcast, mild, breeze","0657","2","Ling, molinia, bog myrtle, scattered willow and birch",,40,Rahoy,"2"
38,,Regen_6,"Overcast, mild, breeze","0757","5","Oak, noss, wood srrel, bluebell, ",,53,Rahoy,"1"
39,,Regen_84,"Cloudy, mild, breeze","0633","2","Ling, molinia,",,97,Claggan,"2"
41,,Regen_26,"Overcast, mild, still","0806","5","Oak, blaeberry, feather moss",,66,Claggan,"2"
42,,Woodland_83,"Overcast, mild, ","1651","5","Oak, bracken, feather moss, birch",,59,Claggan,"5"
43,,Regen_41,"Patchy clouds, mild, still","1909","5","Oak, birch, bracken",,72,Claggan,"0"
44,,Regen_64,"Overcast, still, mild","2029","5","Oak, birch, alder, bracken, bluebell, feather moss",,61,Claggan,"3"
45,,Regen_49,"Overcast, still mold","0527","3","Birch, rowan, bracken, bluebel, ling, molinia",,113,Clounlaid,"3"
46,,Regen_65,"Overcast,still, mild","0622","3","Molinia, ling, scots pine, birch, rowan",,164,Clounlaid,"2"
47,,Regen_2,"Sun, clouds, mild, breeze","0700","3","Molinia, ling, birch, oak, rowan",,163,Clounlaid,"1"
48,,Regen_5_1,"Sunny, clear, hot","1559","1","Molinia, ling, bog myrtle",,49,Clounlaid,"4"
49,,Regen_19,"Clear sky, hot, breeze","1728","1","Molini, ling",,64,Clounlaid,"2"
50,,Regen_12,"Clear, breeze, hot","1834","1","Molinia, ling",,145,Clounlaid,"2"
51,,Regen_71,"Sunny, clear, hot, breeze","1938","1",Molinia ling  cotton grass,,182,Clounlaid,"2"
52,,Regen_57,"Breeze, clear sky, sunny, mild","2057","3","Ling, molinia, birch, rowan, scots pine",,86,Clounlaid,"2"
53,,Regen_12_1,"Clear, breeze","2155","2","Molinia, ling, cottongrass",,121,Clounlaid,"0"
54,,Open_9,"Clear, breezy, mild","0607","1","Blaeberry, ling, molinia, deer grass",,452,Clounlaid,"2"
55,,Open_33,"Clear, wind, warm","0700","1","Molinua, deer rass,vgrey moss",,459,Clounlaid,"2"
56,,Woodland_40,"Hot, clear, breeze","1643","5","Oak, bracken, ",,49,Rahoy,"3"
57,,Woodland_66,"Sunny, hot, breeze","1739","5","Oak, molinia, blaeberry",,59,Rahoy,"4"
58,,Regen_18,"Sun, still, hot","1918","4","Birch, molinia",,154,Rahoy,"1"
59,,Regen_69,"Sun, hot, still","2013","3","Ling, vurch  molinia",,152,Rahoy,"3"
60,,Regen_69,"Sun, hot, still","2013","3","Ling, vurch  molinia",,152,Rahoy,"3"
61,,Regen_6,"Dusk, sun, still, warm","2104","4","Birch, molinia",,124,Rahoy,"1"
62,,Woodland_61,"Clear, warm, still","0656","5","Oak, tormentiitl ,molinia",,35,Rahoy,"4"
63,,Woodland_6,"Clear, sun, warm, still","0748","5","Oak, brakc3n, bramble, ",,90,Rahoy,"6"
64,,Ardtornishpoint_7,"Overcast, still, mild","1202","4","Alder, birch, ling, molinia",,98,Lochaline,"4"
65,,Ardtornishpoint_14,"Drizzle, overcast, breeze","1248","4","Alder, birch,  og myrtle",,120,Lochaline,"1"
66,,Tearnaitwest_19,"Overcast, drizzle, breeze","1841","3","Big mytrile  ling, molinia, alder, birch, rowan",,153,Tearnait,"2"
67,,Tearnaitwest_2,,"1944","3","Molinia, birch, bluebell, rowan, tormentil",,214,Tearnait,"3"
68,,Clounlaid_1,Overcast fog still,"0603","3","Molinia, birch, ling",,186,Clounlaid,"2"
69,,Clounlaid_2,"Overcast, breeze","0645","3","Birch, molinia, ling",,180,Clounlaid,"1"
70,,Clounlaid_3,"Cloudy, mild, still, dry","0818","3","Molinia, ling, birch",,199,Clounlaid,"2"
71,,Clounlaid_4,"Sun, breeze, clouds, warm","1921","3","Molinia, ling, birch",,203,Clounlaid,"3"
72,,Clounlaid_4,"Sun, breeze, clouds, warm","1921","3","Molinia, ling, birch",,203,Clounlaid,"3"
73,,Clounlaid_5,"Overcast, wind","2005","3","Molinia  ling, birch, rowan",,205,Clounlaid,"3"
74,,Clounlaid_4,"Sun, breeze, clouds, warm","1921","3","Molinia, ling, birch",,203,Clounlaid,"3"
75,,Clounlaid_5,"Overcast, wind","2005","3","Molinia  ling, birch, rowan",,205,Clounlaid,"3"
76,,Clounlaid_6,"Cloudy, mild, still","2103","3","Molinia, ling, burch",,170,Clounlaid,"0"
78,,Regen_59,"Wind, ovrrcast, cold","0712","3","Burch, molinia, rowan, ling, bracken",,136,Tearnait,"2"
79,,Ardtornishpoint_6,"Drizzle, overcast, breeze","1840","2","Bracken, molinia, ling, blue bell, tormentil",,131,Lochaline,"1"
80,,Ardtornishpoint_10,"Overcast, breezy, showers","1931","1","Bracken, ling  mol8nia, bog myrtle",,149,Lochaline,"1"
81,,Ardtornishpoint_0,"Cloud, mild, breeze","2028","4","Silver birch, willow",,103,Lochaline,"1"
82,,Woodland_20,"Overcast, mild, breeze","1027","4","Silver birch, molonia, bracken",,135,Tearnait,
83,,Tearnaitwest7,"Overcadt, showers, mild","1139","3","Alder, birch, molinia, brakcen, bluebell",,198,Tearnait,
84,,Tearnaitwest_5,"Cloudy  br3ezy, warm","1248","2","Molinia, ling, bracken, bluebell, rowan, birch",,271,Tearnait,"2"
85,,Tearnaitwest_12,"Showers, overcast, breeze","1332","3","Bracken, bluebell, silver birch",,227,Tearnait,"1"
86,,Tearnaitwest_18,"Drizzle, cloudy, breeze","1415","3","Birch  oak, ling, rowan, molinia, willow",,224,Tearnait,"3"
88,,Open_30,"Sun, gusts, mild","1436","1",Molinia,,143,Tearnait,"2"
89,,Open_62,"Gusts, sun,mild","1626","1","Molinia, ling",,235,Tearnait,"2"
90,,Open_29,"Breeze,  sun, mild","1751","1",Molinia,,121,Tearnait,"1"
91,,Arienas_south_4,"Sun, breeze","0610","4","Birch, willow, oak",,26,Rahoy,"1"
92,,Arienas_south_4,"Sun, breeze","0610","4","Birch, willow, oak",,26,Rahoy,"1"
93,,Arienas_south_5,"Sun, breeze, warm","0645","1","Molinia, ling, bog myrtle",,22,Rahoy,"2"
94,,Arienas_south_1,"Sun, breeze, warm","0755","5","Birch sp, blaeberry, bracken",,26,Rahoy,"1"
95,,arienas_idk_1,"Drizzle, still, overcasr, mild","1905","4","Vurcg, willow",,68,Rahoy,"2"
96,,arienas_idk_2,"Overcast, mild, showers, breeze","2045","4",Birch oak,,146,Rahoy,"3"
97,,arienas_idk_1,"Cloudy,breezy,warm","1628","4","Birch, molinia",,49,Claggan,"2"
98,,arienas_idk_4,"Overcast,showers,breeze,mild","1725","4","Burch, rowan, ",,70,Claggan,"2"
99,,arienas_idk_5,"Overcast, breeze, mild, showers","1820","4",Birch  molinia,,81,Claggan,"1"
100,,Open_58,"Clear, breeze, warm","1842","1",Molinia,,204,Tearnait,"3"
101,,Open_16,"Clear, breeze","1931","1",Molinia,,210,Tearnait,"3"
102,,Woodland_60,"Sun, breeze, warm","0656","3","Oak, molinia",,164,Tearnait,"3"
103,,Open_2_1,"Breeze, clouds, mild","0935","1","Omlinia, ling, citton grass",,243,Eignaig,"2"
105,,Open_2_2,"Cloudy, mild, breeze","1053","2","Mklinja, big asphodem, blaeberry",,176,Inninmoore,"1"
108,,Camas_gorm_6,"Clouds, mild, breeze","1245","2","Ling, milinia, birch, bracken",,132,Inninmoore,"1"
109,,Camas_gorm_idk,"Cloudy, warm, breeze","1341","5","Oak, birch, alder",,124,Inninmoore,"4"
110,,Camas_gorm_idk2,"Overcast, mild, still","1430","5","Iak, bracken  blaeberry",,101,Inninmoore,"2"
111,,Camas_gorm_idk2,"Overcast, mild, still","1430","5","Iak, bracken  blaeberry",,101,Inninmoore,"2"
